threshold,accuracy,f1_macro,avg_fraction_signal_used
0.6,0.8857142857142857,0.912263099219621,0.16
0.7,0.9428571428571428,0.9532329988851729,0.21428571428571427
0.8,0.9428571428571428,0.9532329988851729,0.2428571428571428
0.9,0.9142857142857143,0.9328282828282828,0.3885714285714286
0.95,0.9142857142857143,0.9328282828282828,0.4171428571428572
0.99,0.9142857142857143,0.9328282828282828,0.6114285714285715
